id,resource_id,skill_id
1,1,1
2,2,1
3,3,2
4,4,3
5,4,5
6,5,3
7,5,5
8,6,4
9,7,4
10,8,2
11,8,4
12,8,7
13,9,8
14,10,8
15,11,6
16,12,6
17,13,1
18,13,2
19,13,3
20,13,4
21,13,5
22,13,6
23,13,7
24,13,8
25,14,2
26,14,3
27,14,4
28,14,5
29,14,6
30,15,9
31,15,13
32,16,9
33,16,11
34,16,13
35,17,10
36,18,10
37,19,11
38,20,9
39,20,11
40,21,13
41,22,15
42,23,15
43,24,12
44,25,12
45,26,9
46,26,11
47,26,12
48,26,13
49,27,3
50,28,3
51,29,16
52,30,14
53,30,17
54,31,2
55,32,2
56,33,14
57,33,18
58,34,18
59,35,9
60,35,11
61,35,14
62,35,18
63,36,14
